Pre_10,Pre_12,Pre_14,Pre_16
0.0138233698513055,0.0901294862619541,0.09520414262773,-0.0619405283468338
