Pre_10,Pre_12,Pre_14,Pre_16
-0.123213211289562,-0.190162804754609,-0.0758484282271776,-0.224285254679573
