Pre_10,Pre_12,Pre_14,Pre_16
-3.58833011514798,-3.89148209266824,-4.00978002460084,-4.19693912828148
